{
  "variables": {
    "system.debug": {
      "value": "false",
      "allowOverride": true
    }
  },
  "properties": {},
  "tags": [],
  "_links": "{}",
  "jobAuthorizationScope": "projectCollection",
  "jobTimeoutInMinutes": 60,
  "jobCancelTimeoutInMinutes": 5,
  "process": {
    "phases": [
      {
        "steps": [
          {
            "environment": {},
            "enabled": true,
            "continueOnError": false,
            "alwaysRun": false,
            "displayName": "Install SFDX",
            "timeoutInMinutes": 0,
            "condition": "succeeded()",
            "task": {
              "id": "037eed85-ad5a-4f7f-9228-69c8e685b36a",
              "versionSpec": "1.*",
              "definitionType": "task"
            },
            "inputs": {
              "sfdx_cli_version": "latest",
              "sfpowerkit_version": "latest"
            }
          },
          {
            "environment": {},
            "enabled": true,
            "continueOnError": false,
            "alwaysRun": false,
            "displayName": "Authenticate  HubOrg using Credentials",
            "timeoutInMinutes": 0,
            "condition": "succeeded()",
            "task": {
              "id": "5c1fd528-ce06-42e2-855b-cfa9e07dc6b9",
              "versionSpec": "3.*",
              "definitionType": "task"
            },
            "inputs": {
              "method": "Credentials",
              "jwt_key_file": "",
              "username": "$(prod.user)",
              "password": "$(prod.password)",
              "securitytoken": "$(prod.securitytoken)",
              "alias": "HubOrg",
              "isdevhub": "true",
              "clientid": ""
            }
          },
          {
            "environment": {},
            "enabled": true,
            "continueOnError": false,
            "alwaysRun": false,
            "displayName": "Increments the BuildNumber version number ",
            "timeoutInMinutes": 0,
            "condition": "succeeded()",
            "refName": "build_package",
            "task": {
              "id": "f67abc38-a5b8-4196-946e-ba81df4cd57c",
              "versionSpec": "1.*",
              "definitionType": "task"
            },
            "inputs": {
              "segment": "BuildNumber",
              "set_build_number": "true",
              "commit_changes": "true",
              "package": "",
              "project_directory": ""
            }
          },
          {
            "environment": {},
            "enabled": true,
            "continueOnError": false,
            "alwaysRun": false,
            "displayName": "Creates a new version of  force-di",
            "timeoutInMinutes": 0,
            "condition": "succeeded()",
            "task": {
              "id": "a81064ca-c1cc-4ebf-892f-6299fa36b151",
              "versionSpec": "3.*",
              "definitionType": "task"
            },
            "inputs": {
              "package": "force-di",
              "version_number": "$(build_package.sfpowerscripts_incremented_project_version)",
              "tag": "master",
              "config_file_path": "config/project-scratch-def.json",
              "installationkeybypass": "true",
              "installationkey": "",
              "project_directory": "",
              "devhub_alias": "HubOrg",
              "wait_time": "120",
              "build_artifact_enabled": "true"
            }
          }
        ],
        "name": "Agent job 1",
        "refName": "Job_1",
        "condition": "succeeded()",
        "target": {
          "executionOptions": {
            "type": 0
          },
          "allowScriptsAuthAccessOption": false,
          "type": 1,
          "queue": "{}"
        },
        "jobAuthorizationScope": "projectCollection"
      }
    ],
    "target": {
      "agentSpecification": {
        "identifier": "ubuntu-16.04"
      }
    },
    "type": 1
  },
  "repository": {
    "properties": {
      "apiUrl": "https://api.github.com/repos/azlamsalam/force-di",
      "branchesUrl": "https://api.github.com/repos/azlamsalam/force-di/branches",
      "cloneUrl": "https://github.com/azlamsalam/force-di.git",
      "connectedServiceId": "$GitHub_34ef6d4b$",
      "defaultBranch": "master",
      "fullName": "repository",
      "hasAdminPermissions": "True",
      "isFork": "True",
      "isPrivate": "False",
      "lastUpdated": "09/06/2019 01:20:04",
      "manageUrl": "https://github.com/azlamsalam/force-di",
      "nodeId": "MDEwOlJlcG9zaXRvcnkyMDY2ODYzODk=",
      "ownerId": "15088656",
      "orgName": "azlamsalam",
      "refsUrl": "https://api.github.com/repos/azlamsalam/force-di/git/refs",
      "safeRepository": "azlamsalam/force-di",
      "shortName": "force-di",
      "ownerAvatarUrl": "https://avatars1.githubusercontent.com/u/15088656?v=4",
      "archived": "False",
      "externalId": "206686389",
      "ownerIsAUser": "True",
      "checkoutNestedSubmodules": "false",
      "cleanOptions": "0",
      "fetchDepth": "0",
      "gitLfsSupport": "false",
      "reportBuildStatus": "true",
      "skipSyncSource": "false",
      "labelSourcesFormat": "$(build.buildNumber)",
      "labelSources": "0"
    },
    "id": "azlamsalam/force-di",
    "type": "Git",
    "name": "repository",
    "url": "https://github.com/azlamsalam/force-di.git",
    "defaultBranch": "master",
    "clean": "false",
    "checkoutSubmodules": false
  },
  "processParameters": {},
  "quality": "definition",
  "authoredBy": "{}",
  "drafts": [],
  "queue": {
    "_links": "{}",
    "id": "",
    "name": "Azure Pipelines",
    "url": "",
    "pool": {
      "id": "",
      "name": "Azure Pipelines",
      "isHosted": true
    }
  },
  "id": "",
  "name": "Unlocked Package Build using sfpowerscript",
  "url": "",
  "uri": "",
  "path": "\\",
  "type": "build",
  "queueStatus": "enabled",
  "revision": 1,
  "createdDate": "",
  "project": "{}"
}