{
  "options": [
    {
      "enabled": false,
      "definition": {
        "id": "5d58cc01-7c75-450c-be18-a388ddb129ec"
      },
      "inputs": {
        "branchFilters": "[\"+refs/heads/*\"]",
        "additionalFields": "{}"
      }
    },
    {
      "enabled": false,
      "definition": {
        "id": "a9db38f9-9fdc-478c-b0f9-464221e58316"
      },
      "inputs": {
        "workItemType": "Bug",
        "assignToRequestor": "true",
        "additionalFields": "{}"
      }
    }
  ],
  "variables": {
    "system.debug": {
      "value": "false",
      "allowOverride": true
    }
  },
  "properties": {},
  "tags": [],
  "_links": "{}",
  "jobAuthorizationScope": "projectCollection",
  "jobTimeoutInMinutes": 60,
  "jobCancelTimeoutInMinutes": 5,
  "process": {
    "phases": [
      {
        "steps": [
          {
            "environment": {},
            "enabled": true,
            "continueOnError": false,
            "alwaysRun": false,
            "displayName": "Install SFDX",
            "timeoutInMinutes": 0,
            "condition": "succeeded()",
            "task": {
              "id": "d8950cd3-2bf4-4b50-bb75-b9358f741951",
              "versionSpec": "3.*",
              "definitionType": "task"
            },
            "inputs": {
              "sfdx_cli_version": "latest",
              "sfpowerkit_version": "latest",
              "isTelemetryEnabled": "true"
            }
          },
          {
            "environment": {},
            "enabled": true,
            "continueOnError": false,
            "alwaysRun": false,
            "displayName": "Authenticate  HubOrg using Credentials",
            "timeoutInMinutes": 0,
            "condition": "succeeded()",
            "task": {
              "id": "5eb34b28-fdd4-4904-9a3e-d3ff63130f16",
              "versionSpec": "5.*",
              "definitionType": "task"
            },
            "inputs": {
              "method": "Credentials",
              "jwt_key_file": "",
              "username": "$(prod.user)",
              "password": "$(prod.password)",
              "securitytoken": "$(prod.securitytoken)",
              "alias": "HubOrg",
              "isdevhub": "true",
              "clientid": "",
              "isTelemetryEnabled": "true"
            }
          },
          {
            "environment": {},
            "enabled": true,
            "continueOnError": false,
            "alwaysRun": false,
            "displayName": "Increments the BuildNumber version number ",
            "timeoutInMinutes": 0,
            "condition": "succeeded()",
            "refName": "build_package",
            "task": {
              "id": "f67abc38-a5b8-4196-946e-ba81df4cd57c",
              "versionSpec": "2.*",
              "definitionType": "task"
            },
            "inputs": {
              "segment": "BuildNumber",
              "set_build_number": "true",
              "commit_changes": "true",
              "package": "",
              "project_directory": "",
              "isTelemetryEnabled": "true"
            }
          },
          {
            "environment": {},
            "enabled": true,
            "continueOnError": false,
            "alwaysRun": false,
            "displayName": "Creates a new version of  force-di",
            "timeoutInMinutes": 0,
            "condition": "succeeded()",
            "task": {
              "id": "a81064ca-c1cc-4ebf-892f-6299fa36b151",
              "versionSpec": "5.*",
              "definitionType": "task"
            },
            "inputs": {
              "package": "force-di",
              "version_number": "$(build_package.sfpowerscripts_incremented_project_version)",
              "tag": "master",
              "config_file_path": "config/project-scratch-def.json",
              "installationkeybypass": "true",
              "enable_coverage": "false",
              "installationkey": "",
              "project_directory": "",
              "devhub_alias": "HubOrg",
              "wait_time": "120",
              "build_artifact_enabled": "true",
              "isTelemetryEnabled": "true"
            }
          }
        ],
        "name": "Agent job 1",
        "refName": "Job_1",
        "condition": "succeeded()",
        "target": {
          "executionOptions": {
            "type": 0
          },
          "allowScriptsAuthAccessOption": false,
          "type": 1,
          "queue": "{}"
        },
        "jobAuthorizationScope": "projectCollection"
      }
    ],
    "target": {
      "agentSpecification": {
        "identifier": "ubuntu-16.04"
      }
    },
    "type": 1
  },
  "repository": {
    "properties": {
      "fullName": "repository",
      "cloneUrl": "https://github.com/azlamsalam/force-di.git",
      "isPrivate": "False",
      "checkoutNestedSubmodules": "false",
      "cleanOptions": "0",
      "fetchDepth": "0",
      "gitLfsSupport": "false",
      "reportBuildStatus": "true",
      "connectedServiceId": "$GitHub_ac4cdbec$",
      "skipSyncSource": "false",
      "labelSourcesFormat": "$(build.buildNumber)",
      "labelSources": "0"
    },
    "id": "https://github.com/azlamsalam/force-di.git",
    "type": "Git",
    "name": "GitHub_34ef6d4b",
    "url": "https://github.com/azlamsalam/force-di.git",
    "defaultBranch": "master",
    "clean": "false",
    "checkoutSubmodules": false
  },
  "processParameters": {},
  "quality": "definition",
  "authoredBy": "{}",
  "drafts": [],
  "queue": {
    "_links": "{}",
    "id": "",
    "name": "Azure Pipelines",
    "url": "",
    "pool": {
      "id": "",
      "name": "Azure Pipelines",
      "isHosted": true
    }
  },
  "id": "",
  "name": "Unlocked Package Build using sfpowerscript",
  "url": "",
  "uri": "",
  "path": "\\",
  "type": "build",
  "queueStatus": "enabled",
  "revision": 4,
  "createdDate": "",
  "project": "{}"
}