{
  "source": "userInterface",
  "revision": 4,
  "description": null,
  "createdBy": "{}",
  "createdOn": "",
  "modifiedBy": "{}",
  "modifiedOn": "",
  "isDeleted": false,
  "variables": {},
  "variableGroups": [],
  "environments": [
    {
      "id": 1,
      "name": "ST",
      "rank": 1,
      "owner": {
        "displayName": "$OwnerDisplayName$",
        "url": "",
        "_links": "{}",
        "id": "$OwnerId$",
        "uniqueName": "$OwnerUniqueName$",
        "imageUrl": "",
        "descriptor": ""
      },
      "variables": {},
      "variableGroups": [],
      "preDeployApprovals": {
        "approvals": [
          {
            "rank": 1,
            "isAutomated": true,
            "isNotificationOn": false,
            "id": 1
          }
        ],
        "approvalOptions": {
          "requiredApproverCount": null,
          "releaseCreatorCanBeApprover": false,
          "autoTriggeredAndPreviousEnvironmentApprovedCanBeSkipped": false,
          "enforceIdentityRevalidation": false,
          "timeoutInMinutes": 0,
          "executionOrder": "beforeGates"
        }
      },
      "deployStep": {
        "id": 2
      },
      "postDeployApprovals": {
        "approvals": [
          {
            "rank": 1,
            "isAutomated": true,
            "isNotificationOn": false,
            "id": 3
          }
        ],
        "approvalOptions": {
          "requiredApproverCount": null,
          "releaseCreatorCanBeApprover": false,
          "autoTriggeredAndPreviousEnvironmentApprovedCanBeSkipped": false,
          "enforceIdentityRevalidation": false,
          "timeoutInMinutes": 0,
          "executionOrder": "afterSuccessfulGates"
        }
      },
      "deployPhases": [
        {
          "deploymentInput": {
            "parallelExecution": {
              "parallelExecutionType": "none"
            },
            "agentSpecification": {
              "identifier": "ubuntu-16.04"
            },
            "skipArtifactsDownload": false,
            "artifactsDownloadInput": {
              "downloadInputs": []
            },
            "queueId": "$Azure Pipelines$",
            "demands": [],
            "enableAccessToken": false,
            "timeoutInMinutes": 0,
            "jobCancelTimeoutInMinutes": 1,
            "condition": "succeeded()",
            "overrideInputs": {}
          },
          "rank": 1,
          "phaseType": "agentBasedDeployment",
          "name": "Agent job",
          "refName": null,
          "workflowTasks": [
            {
              "environment": {},
              "taskId": "d8950cd3-2bf4-4b50-bb75-b9358f741951",
              "version": "2.*",
              "name": "Install SFDX",
              "refName": "",
              "enabled": true,
              "alwaysRun": false,
              "continueOnError": false,
              "timeoutInMinutes": 0,
              "definitionType": "task",
              "overrideInputs": {},
              "condition": "succeeded()",
              "inputs": {
                "sfdx_cli_version": "latest",
                "sfpowerkit_version": "latest"
              }
            },
            {
              "environment": {},
              "taskId": "5eb34b28-fdd4-4904-9a3e-d3ff63130f16",
              "version": "4.*",
              "name": "Authenticate  HubOrg using Credentials",
              "refName": "",
              "enabled": true,
              "alwaysRun": false,
              "continueOnError": false,
              "timeoutInMinutes": 0,
              "definitionType": "task",
              "overrideInputs": {},
              "condition": "succeeded()",
              "inputs": {
                "method": "Credentials",
                "jwt_key_file": "",
                "username": "$(prod.user)",
                "password": "$(prod.password)",
                "securitytoken": "$(prod.securitytoken)",
                "alias": "HubOrg",
                "isdevhub": "true",
                "clientid": ""
              }
            },
            {
              "environment": {},
              "taskId": "5eb34b28-fdd4-4904-9a3e-d3ff63130f16",
              "version": "4.*",
              "name": "Authenticate $(env.name) using Credentials ",
              "refName": "",
              "enabled": true,
              "alwaysRun": false,
              "continueOnError": false,
              "timeoutInMinutes": 0,
              "definitionType": "task",
              "overrideInputs": {},
              "condition": "succeeded()",
              "inputs": {
                "method": "Credentials",
                "jwt_key_file": "",
                "username": "$(env.user)",
                "password": "$(env.password)",
                "securitytoken": "$(env.securitytoken)",
                "alias": "$(env.name)",
                "isdevhub": "false",
                "clientid": ""
              }
            },
            {
              "environment": {},
              "taskId": "7af1df5d-8a5a-4eaa-9df1-968393c43397",
              "version": "4.*",
              "name": "Install a version of  force-di to $(env.name) ",
              "refName": "",
              "enabled": true,
              "alwaysRun": false,
              "continueOnError": false,
              "timeoutInMinutes": 0,
              "definitionType": "task",
              "overrideInputs": {},
              "condition": "succeeded()",
              "inputs": {
                "envname": "$(env.name)",
                "package": "force-di",
                "packageinstalledfrom": "BuildArtifact",
                "package_version_id": "",
                "artifact": "_unlocked_oackage",
                "installationkey": "",
                "apexcompileonlypackage": "false",
                "security_type": "AllUsers",
                "upgrade_type": "Mixed",
                "wait_time": "120",
                "publish_wait_time": "10"
              }
            }
          ]
        }
      ],
      "environmentOptions": {
        "emailNotificationType": "OnlyOnFailure",
        "emailRecipients": "release.environment.owner;release.creator",
        "skipArtifactsDownload": false,
        "timeoutInMinutes": 0,
        "enableAccessToken": false,
        "publishDeploymentStatus": true,
        "badgeEnabled": false,
        "autoLinkWorkItems": false,
        "pullRequestDeploymentEnabled": false
      },
      "demands": [],
      "conditions": [
        {
          "name": "ReleaseStarted",
          "conditionType": "event",
          "value": ""
        }
      ],
      "executionPolicy": {
        "concurrencyCount": 1,
        "queueDepthCount": 0
      },
      "schedules": [],
      "currentRelease": {
        "id": 0,
        "url": "https://vsrm.dev.azure.com/aglideas/84ea38b2-6e6f-44f0-a2fb-fe10f4d41015/_apis/Release/releases/0",
        "_links": {}
      },
      "retentionPolicy": {
        "daysToKeep": 30,
        "releasesToKeep": 3,
        "retainBuild": true
      },
      "processParameters": {},
      "properties": {
        "BoardsEnvironmentType": {
          "$type": "System.String",
          "$value": "unmapped"
        },
        "LinkBoardsWorkItems": {
          "$type": "System.String",
          "$value": "False"
        }
      },
      "preDeploymentGates": {
        "id": 0,
        "gatesOptions": null,
        "gates": []
      },
      "postDeploymentGates": {
        "id": 0,
        "gatesOptions": null,
        "gates": []
      },
      "environmentTriggers": [],
      "badgeUrl": ""
    }
  ],
  "artifacts": [
    {
      "sourceId": "$ProjectId$:$Unlocked Package Build using sfpowerscript-id$",
      "type": "Build",
      "alias": "_unlocked_package",
      "definitionReference": {
        "artifactSourceDefinitionUrl": "{}",
        "defaultVersionBranch": {
          "id": "",
          "name": ""
        },
        "defaultVersionSpecific": {
          "id": "",
          "name": ""
        },
        "defaultVersionTags": {
          "id": "",
          "name": ""
        },
        "defaultVersionType": {
          "id": "latestType",
          "name": "Latest"
        },
        "definition": {
          "id": "$Unlocked Package Build using sfpowerscript-id$",
          "name": "Unlocked Package Build using sfpowerscript"
        },
        "definitions": {
          "id": "",
          "name": ""
        },
        "IsMultiDefinitionType": {
          "id": "False",
          "name": "False"
        },
        "project": {
          "id": "$ProjectId$",
          "name": "$ProjectName$"
        },
        "repository": {
          "id": "",
          "name": ""
        }
      },
      "isPrimary": true,
      "isRetained": false
    }
  ],
  "triggers": [],
  "releaseNameFormat": "Release-$(rev:r)",
  "tags": [],
  "properties": {
    "DefinitionCreationSource": {
      "$type": "System.String",
      "$value": "ReleaseNew"
    },
    "IntegrateBoardsWorkItems": {
      "$type": "System.String",
      "$value": "False"
    },
    "IntegrateJiraWorkItems": {
      "$type": "System.String",
      "$value": "false"
    }
  },
  "id": "",
  "name": "Unlocked Packaged Deployment Pipeline using sfpowerscripts",
  "path": "\\",
  "projectReference": null,
  "url": "",
  "_links": "{}"
}